{"cameraMode":{"drawMode":0,"name":"Shaded","section":"Shading Mode"},"sceneLighting":true,"audioPlay":false,"sceneViewState":{"showFog":true,"showMaterialUpdate":false,"showSkybox":true,"showFlares":true,"showImageEffects":true,"showParticleSystems":true},"in2DMode":false,"pivot":{"x":0.7642000913619995,"y":5.556216239929199,"z":1.8047218322753907},"rotation":{"x":0.09910189360380173,"y":-0.02985283173620701,"z":0.0029759309254586698,"w":0.9946291446685791},"size":14.590290069580079,"orthographic":false}