{"cameraMode":{"drawMode":0,"name":"Shaded","section":"Shading Mode"},"sceneLighting":true,"audioPlay":false,"sceneViewState":{"showFog":true,"showMaterialUpdate":false,"showSkybox":true,"showFlares":true,"showImageEffects":true,"showParticleSystems":true},"in2DMode":false,"pivot":{"x":208.74722290039063,"y":355.3534851074219,"z":38.663421630859378},"rotation":{"x":0.03322758898139,"y":0.06740505248308182,"z":-0.002248467179015279,"w":0.9971844553947449},"size":362.9413757324219,"orthographic":false}